Title,Bio,Hits
M62,"M62 closed in both directions after pedestrian killed
The Guardian • 6h ago",10K+
Nicky Newman,"Cancer campaigner Nicky Newman who inspired thousands passes ...
Daily Mail • 4h ago",10K+
Hardeep Singh Nijjar,"Hardeep Singh Nijjar: Anger in India as Trudeau points finger over ...
BBC News • 3h ago",10K+
TNT Sports,"Who are TNT Sports' Champions League presenters, commentators ...
The Independent • 9h ago",5K+
UEFA Champions League,"UEFA Champions League returns: Five football matches to follow ...
Aljazeera.com • 6h ago",5K+
Ariana Grande,"Ariana Grande files for divorce from husband Dalton Gomez
digitalspy.com • 2h ago",5K+
Tottenham Hotspur,"David Squires on … Tottenham's un-Spursy rise and Manchester ...
The Guardian • 5h ago",5K+
Worcester News,"Delays for Worcester Foregate Street train passengers
Worcester News • 1h ago",5K+
Shirley Ballas,"Shirley Ballas, 63, says non-surgical face lift has given her 'sparkle ...
Evening Standard • 5h ago",5K+
Nottingham Forest,"Premier League: Burnley earn first point with draw at Nottm Forest
BBC Sport • 20h ago",100K+
Champions League,"How Newcastle United made Champions League history
BBC Sport • 11h ago",100K+
Roger Whittaker,"Roger Whittaker: Durham Town folk singer dies at 87
BBC News • 9h ago",50K+
iOS 17,"iOS 17: How to Set and Label Multiple Timers
Mac Rumors • 3h ago",50K+
Barry Bennell,"Paedophile football coach Barry Bennell dies in prison
BBC News • 20h ago",20K+
Married At First Sight,"Meet the full cast of Married at First Sight UK
HELLO! • 1d ago",20K+
Dr Uchenna Okoye,"This Morning star Dr Uchenna Okoye dies after sudden illness
WalesOnline • 11h ago",20K+
Billy Miller,"Billy Miller Dead: 'The Young and the Restless' Actor Was 43
Variety • 9h ago",20K+
Davis Cup,"Davis Cup 2023: Great Britain qualify for Final 8 in Malaga
Lawn Tennis Association • 1d ago",20K+
Burnley fc,"STEP IN THE RIGHT DIRECTION SAYS BERGE
burnleyfootballclub.com • 6h ago",20K+
Neighbours,"Naomi Rukavina on being one half of Neighbours' first biracial ...
The Guardian • 1d ago",20K+
Paris Fury,"Paris and Tyson Fury welcome baby boy – and here's a look at their ...
HELLO! • 5h ago",10K+
Sylvester Stallone,"Sylvester Stallone Says He's the 'Last Dinosaur' of 80s Action Stars
Variety • 9h ago",10K+
Noel Fielding Great British Bake Off,"Bake Off's Noel Fielding reveals difficulty of working with Matt Lucas
digitalspy.com • 5h ago",10K+
Dehenna Davison,"Dehenna Davison resigns as minister, citing struggle with chronic ...
The Guardian • 1d ago",10K+
Trisha Stratford,"Trisha Stratford, former Married at First Sight expert, dies aged 72
ABC News • 13h ago",10K+
Liz Truss,"Liz Truss blames 'groupthink' for economic damage under her watch
The Guardian • 23h ago",10K+
Covid booster,"Over-65s invited for Covid booster in England as health bosses ...
Daily Mail • 1d ago",10K+
Neil Warnock,"Neil Warnock to leave Huddersfield after midweek game against Stoke
The Guardian • 1d ago",10K+
Lauren Harries,"Lauren Harries claims Russell Brand 'used her for sex' amid scandal
Daily Mail • 1d ago",10K+
